0.85,-137.349
0.8506,-140.592
0.8512,-144.87
0.8518,-150.479
0.8524,-142.567
0.853,-141.627
0.8536,-137.365
0.8542,-134.89
0.8548,-134.919
0.8554,-137.236
0.856,-143.331
0.8566,-144.004
0.8572,-142.758
0.8578,-142.87
0.8584,-148.137
0.859,-139.366
0.8596,-139.012
0.8602,-139.068
0.8608,-137.979
0.8614,-138.053
0.862,-141.54
0.8626,-141.616
0.8632,-143.484
0.8638,-144.868
0.8644,-141.423
0.865,-137.681
0.8656,-137.708
0.8662,-139.088
0.8668,-139.233
0.8674,-142.556
0.868,-139.418
0.8686,-139.218
0.8692,-142.764
0.8698,-148.646
0.8704,-146.286
0.871,-143.727
0.8716,-145.144
0.8722,-148.459
0.8728,-140.259
0.8734,-137.861
0.874,-137.974
0.8746,-140.243
0.8752,-136.137
0.8758,-135.517
0.8764,-135.542
0.877,-135.945
0.8776,-138.258
0.8782,-139.908
0.8788,-137.742
0.8794,-136.728
0.88,-137.115
0.8806,-140.418
0.8812,-142.82
0.8818,-140.589
0.8824,-141.933
0.883,-146.53
0.8836,-146.539
0.8842,-146.183
0.8848,-143.19
0.8854,-143.187
0.886,-144.893
0.8866,-142.837
0.8872,-142.374
0.8878,-134.17
0.8884,-132.185
0.889,-132.644
0.8896,-136.802
0.8902,-141.618
0.8908,-141.299
0.8914,-140.686
0.892,-141.567
0.8926,-143.723
0.8932,-145.994
0.8938,-147.714
0.8944,-144.083
0.895,-143.75
0.8956,-140.873
0.8962,-140.027
0.8968,-141.895
0.8974,-144.013
0.898,-138.229
0.8986,-137.589
0.8992,-140.018
0.8998,-141.29
0.9004,-141.215
0.901,-141.106
0.9016,-143.176
0.9022,-139.599
0.9028,-140.177
0.9034,-144.184
0.904,-142.18
0.9046,-142.311
0.9052,-141.107
0.9058,-140.336
0.9064,-140.964
0.907,-140.801
0.9076,-138.406
0.9082,-137.357
0.9088,-137.775
0.9094,-137.207
0.91,-136.989
0.9106,-138.806
0.9112,-137.446
0.9118,-138.142
0.9124,-141.531
0.913,-140.857
0.9136,-141.476
0.9142,-140.829
0.9148,-140.614
0.9154,-142.59
0.916,-139.287
0.9166,-139.275
0.9172,-142.383
0.9178,-140.758
0.9184,-141.327
0.919,-142.945
0.9196,-141.013
0.9202,-141.226
0.9208,-138.96
0.9214,-138.926
0.922,-143.134
0.9226,-142.387
0.9232,-142.176
0.9238,-145.32
0.9244,-140.384
0.925,-140.09
0.9256,-141.716
0.9262,-140.72
0.9268,-140.221
0.9274,-139.831
0.928,-141.161
0.9286,-139.707
0.9292,-140.519
0.9298,-145.74
0.9304,-142.998
0.931,-143.126
0.9316,-146.034
0.9322,-147.786
0.9328,-139.849
0.9334,-134.047
0.934,-133.248
0.9346,-134.362
0.9352,-140.598
0.9358,-143.619
0.9364,-144.358
0.937,-147.017
0.9376,-142.565
0.9382,-142.355
0.9388,-142.838
0.9394,-140.676
0.94,-140.767
0.9406,-144.338
0.9412,-144.674
0.9418,-144.456
0.9424,-145.812
0.943,-142.073
0.9436,-142.643
0.9442,-149.385
0.9448,-146.27
0.9454,-145.635
0.946,-143.606
0.9466,-141.875
0.9472,-144.073
0.9478,-144.498
0.9484,-140.606
0.949,-140.57
0.9496,-142.989
0.9502,-141.368
0.9508,-140.005
0.9514,-141.185
0.952,-143.638
0.9526,-140.539
0.9532,-138.199
0.9538,-138.493
0.9544,-141.486
0.955,-143.153
0.9556,-142.012
0.9562,-138.339
0.9568,-138.327
0.9574,-136.75
0.958,-136.683
0.9586,-139.558
0.9592,-148.37
0.9598,-143.965
0.9604,-144.08
0.961,-145.748
0.9616,-143.413
0.9622,-138.381
0.9628,-138.214
0.9634,-141.328
0.964,-143.245
0.9646,-145.575
0.9652,-146.489
0.9658,-143.725
0.9664,-139.785
0.967,-139.78
0.9676,-142.329
0.9682,-143.64
0.9688,-145.682
0.9694,-145.201
0.97,-143.128
0.9706,-139.059
0.9712,-138.569
0.9718,-138.652
0.9724,-139.524
0.973,-138.866
0.9736,-138.247
0.9742,-134.505
0.9748,-131.271
0.9754,-126.946
0.976,-126.806
0.9766,-131.131
0.9772,-131.499
0.9778,-131.789
0.9784,-135.628
0.979,-136.789
0.9796,-134.634
0.9802,-134.379
0.9808,-136.547
0.9814,-136.309
0.982,-138.25
0.9826,-143.69
0.9832,-144.695
0.9838,-141.637
0.9844,-139.86
0.985,-139.345
0.9856,-140.913
0.9862,-140.451
0.9868,-134.756
0.9874,-134.43
0.988,-138.229
0.9886,-142.03
0.9892,-143.879
0.9898,-139.032
0.9904,-139.031
0.991,-143.252
0.9916,-138.953
0.9922,-136.569
0.9928,-136.844
0.9934,-136.856
0.994,-136.17
0.9946,-137.785
0.9952,-139.879
0.9958,-138.232
0.9964,-135.765
0.997,-133.534
0.9976,-120.03
0.9982,-114.472
0.9988,-114.485
0.9994,-120.262
1,-135.705
1.0006,-138.817
1.0012,-137.776
1.0018,-138.127
1.0024,-137.693
1.003,-136.734
1.0036,-139.186
1.0042,-142.067
1.0048,-141.159
1.0054,-141.997
1.006,-141.409
1.0066,-142.991
1.0072,-141.649
1.0078,-139.315
1.0084,-136.401
1.009,-133.025
1.0096,-130.724
1.0102,-130.777
1.0108,-134.74
1.0114,-140.939
1.012,-140.529
1.0126,-135.382
1.0132,-135.149
1.0138,-138.627
1.0144,-144.964
1.015,-142.313
1.0156,-141.967
1.0162,-137.359
1.0168,-136.595
1.0174,-138.008
1.018,-139.249
1.0186,-138.126
1.0192,-135.699
1.0198,-133.864
1.0204,-134.694
1.021,-130.574
1.0216,-130.638
1.0222,-137.214
1.0228,-145.954
1.0234,-143.381
1.024,-140.269
1.0246,-137.895
1.0252,-136.317
1.0258,-136.325
1.0264,-138.696
1.027,-144.09
1.0276,-140.169
1.0282,-138.356
1.0288,-138.257
1.0294,-141.553
1.03,-149.617
1.0306,-149.023
1.0312,-149.948
1.0318,-147.826
1.0324,-148.498
1.033,-142.453
1.0336,-138.445
1.0342,-138.426
1.0348,-142.296
1.0354,-141.124
1.036,-141.182
1.0366,-142.721
1.0372,-139.078
1.0378,-138.901
1.0384,-138.923
1.039,-138.241
1.0396,-138.976
1.0402,-145.958
1.0408,-147.631
1.0414,-140.509
1.042,-137.166
1.0426,-137.388
1.0432,-143.033
1.0438,-142.275
1.0444,-134.541
1.045,-133.142
1.0456,-133.756
1.0462,-138.304
1.0468,-137.487
1.0474,-136.296
1.048,-136.836
1.0486,-133.591
1.0492,-133.281
1.0498,-136.339
1.0504,-142.849
1.051,-143.669
1.0516,-141.922
1.0522,-143.433
1.0528,-152.825
1.0534,-144.199
1.054,-141.37
1.0546,-141.533
1.0552,-145.322
1.0558,-146.7
1.0564,-140.728
1.057,-137.698
1.0576,-137.716
1.0582,-136.734
1.0588,-136.217
1.0594,-138.72
1.06,-142.501
1.0606,-142.104
1.0612,-143.243
1.0618,-145.441
1.0624,-141.952
1.063,-137.662
1.0636,-135.447
1.0642,-135.418
1.0648,-138.313
1.0654,-140.373
1.066,-139.217
1.0666,-139.854
1.0672,-140.661
1.0678,-138.08
1.0684,-135.041
1.069,-135.006
1.0696,-135.705
1.0702,-135.987
1.0708,-137.853
1.0714,-138.702
1.072,-139.498
1.0726,-140.723
1.0732,-136.404
1.0738,-136.24
1.0744,-137.903
1.075,-140.752
1.0756,-141.474
1.0762,-138.273
1.0768,-137.024
1.0774,-138.918
1.078,-142.25
1.0786,-139.124
1.0792,-135.88
1.0798,-135.788
1.0804,-137.015
1.081,-136.983
1.0816,-140.514
1.0822,-147.264
1.0828,-144.369
1.0834,-140.43
1.084,-136.317
1.0846,-135.211
1.0852,-135.237
1.0858,-135.613
1.0864,-134.74
1.087,-133.755
1.0876,-134.306
1.0882,-139.148
1.0888,-143.135
1.0894,-146.258
1.09,-147.259
1.0906,-140.598
1.0912,-139.132
1.0918,-140.576
1.0924,-146.089
1.093,-146.037
1.0936,-149.122
1.0942,-143.508
1.0948,-143.23
1.0954,-147.811
1.096,-146.878
1.0966,-144.101
1.0972,-144.817
1.0978,-138.391
1.0984,-136.391
1.099,-136.491
1.0996,-138.142
1.1002,-142.058
1.1008,-142.185
1.1014,-140.412
1.102,-138.944
1.1026,-139.207
1.1032,-141.576
1.1038,-143.218
1.1044,-140.447
1.105,-139.227
1.1056,-139.815
1.1062,-148.666
1.1068,-144.136
1.1074,-141.712
1.108,-140.707
1.1086,-142.22
1.1092,-144.408
1.1098,-144.666
1.1104,-149.3
1.111,-143.12
1.1116,-142.056
1.1122,-140.954
1.1128,-139.045
1.1134,-139.917
1.114,-142.648
1.1146,-140.314
1.1152,-140.339
1.1158,-140.795
1.1164,-141.812
1.117,-141.409
1.1176,-140.213
1.1182,-138.972
1.1188,-137.913
1.1194,-139.031
1.12,-138.194
1.1206,-138.157
1.1212,-142.831
1.1218,-139.342
1.1224,-139.407
1.123,-144.586
1.1236,-144.686
1.1242,-145.106
1.1248,-147.604
1.1254,-141.098
1.126,-140.499
1.1266,-142.864
1.1272,-140.335
1.1278,-140.739
1.1284,-141.602
1.129,-140.537
1.1296,-138.701
1.1302,-139.296
1.1308,-139.835
1.1314,-139.827
1.132,-141.133
1.1326,-138.072
1.1332,-136.137
1.1338,-136.146
1.1344,-139.797
1.135,-141.952
1.1356,-136.577
1.1362,-135.251
1.1368,-135.316
1.1374,-138.759
1.138,-145.102
1.1386,-146.081
1.1392,-145.708
1.1398,-139.784
1.1404,-139.056
1.141,-141.9
1.1416,-144.607
1.1422,-139.01
1.1428,-136.854
1.1434,-136.207
1.144,-136.572
1.1446,-143.454
1.1452,-139.612
1.1458,-138.453
1.1464,-138.352
1.147,-139.267
1.1476,-143.701
1.1482,-149.184
1.1488,-141.861
1.1494,-138.113
1.15,-138.098
