1.60E+11,4.50E-07,7.91E-08,4.32E-07
1.60E+11,4.35E-07,5.90E-07,2.72E-07
1.60E+11,3.26E-07,2.12E-07,4.69E-07
1.60E+11,4.08E-07,4.86E-07,3.68E-07
1.60E+11,5.03E-07,2.34E-07,1.31E-07
1.60E+11,2.55E-07,7.28E-07,6.70E-07
1.60E+11,4.54E-07,8.90E-07,3.27E-07
1.60E+11,3.72E-07,9.90E-07,5.33E-07
1.60E+11,5.80E-07,4.65E-07,9.14E-07
1.60E+11,4.55E-07,3.64E-07,1.92E-07
1.60E+11,1.86E-07,3.18E-07,8.06E-07
1.61E+11,3.26E-07,9.24E-08,3.06E-07
1.61E+11,3.76E-07,2.45E-07,2.41E-07
1.61E+11,3.27E-07,6.69E-07,4.21E-07
1.61E+11,2.04E-07,7.52E-07,7.47E-08
1.61E+11,7.62E-07,1.26E-07,1.32E-06
1.61E+11,6.05E-07,1.95E-07,8.55E-07
1.61E+11,1.22E-07,4.22E-07,5.63E-07
1.61E+11,4.11E-07,5.96E-07,2.56E-07
1.61E+11,1.85E-07,4.68E-07,8.73E-08
1.61E+11,6.65E-07,4.76E-07,4.57E-07
1.61E+11,4.22E-07,6.09E-07,5.01E-07
1.61E+11,4.62E-07,1.34E-07,1.81E-07
1.61E+11,5.39E-07,5.18E-07,9.29E-07
1.61E+11,3.20E-07,3.01E-07,5.15E-07
1.61E+11,1.59E-06,3.65E-07,1.55E-07
1.61E+11,2.28E-07,2.62E-07,5.74E-07
1.61E+11,6.67E-07,3.90E-07,5.32E-07
1.61E+11,8.64E-07,9.56E-08,5.70E-07
1.61E+11,1.93E-07,5.55E-08,5.48E-07
1.61E+11,6.76E-07,7.21E-07,4.58E-07
1.61E+11,2.50E-07,6.70E-07,3.56E-07
1.61E+11,3.68E-07,4.22E-07,3.79E-07
1.62E+11,3.19E-07,3.17E-07,4.49E-07
1.62E+11,1.80E-07,2.00E-07,3.82E-07
1.62E+11,3.95E-07,1.02E-07,1.61E-07
1.62E+11,2.23E-07,1.63E-07,7.02E-07
1.62E+11,4.88E-07,8.14E-07,3.20E-07
1.62E+11,5.51E-07,2.79E-07,7.02E-08
1.62E+11,3.82E-07,7.50E-07,6.71E-07
1.62E+11,4.46E-07,2.19E-07,6.35E-07
1.62E+11,6.92E-07,3.33E-07,4.92E-07
1.62E+11,1.02E-06,4.67E-07,1.07E-06
1.62E+11,1.32E-07,2.17E-07,4.22E-07
1.62E+11,3.71E-07,4.38E-07,7.17E-07
1.62E+11,7.84E-07,4.32E-07,5.61E-07
1.62E+11,3.73E-07,1.48E-07,2.64E-07
1.62E+11,6.26E-07,2.05E-07,1.16E-06
1.62E+11,5.59E-07,4.72E-07,1.86E-07
1.62E+11,4.23E-07,7.97E-07,6.14E-07
1.62E+11,4.71E-07,7.58E-07,3.12E-07
1.62E+11,6.77E-07,8.21E-07,1.72E-07
1.62E+11,6.97E-07,9.02E-07,2.28E-07
1.62E+11,2.52E-07,7.06E-07,3.85E-07
1.63E+11,3.54E-07,4.80E-07,1.57E-07
1.63E+11,2.30E-07,2.71E-07,3.25E-07
1.63E+11,6.20E-08,2.20E-07,1.11E-07
1.63E+11,1.38E-07,5.66E-07,4.74E-07
1.63E+11,2.43E-07,4.27E-07,1.17E-07
1.63E+11,7.81E-07,3.60E-07,2.03E-08
1.63E+11,6.27E-07,4.46E-07,8.33E-07
1.63E+11,5.37E-07,3.64E-07,4.73E-07
1.63E+11,2.76E-07,4.05E-07,6.97E-07
1.63E+11,4.73E-07,2.96E-07,8.76E-07
1.63E+11,3.32E-07,2.45E-08,2.45E-07
1.63E+11,4.07E-07,4.58E-07,7.26E-07
1.63E+11,7.58E-07,6.86E-08,5.07E-07
1.63E+11,5.79E-07,1.88E-07,5.47E-07
1.63E+11,2.90E-07,9.00E-07,4.41E-07
1.63E+11,1.97E-07,3.45E-07,8.13E-07
1.63E+11,7.39E-07,8.46E-07,5.44E-07
1.63E+11,4.19E-07,4.13E-07,3.31E-07
1.63E+11,1.53E-07,6.19E-07,5.93E-07
1.63E+11,3.53E-07,2.87E-07,3.73E-07
1.63E+11,6.13E-08,2.56E-07,3.61E-07
1.64E+11,9.08E-08,3.54E-07,2.20E-07
1.64E+11,4.98E-07,4.79E-07,1.56E-07
1.64E+11,3.04E-07,5.45E-07,6.31E-07
1.64E+11,6.92E-07,1.72E-07,4.50E-07
1.64E+11,5.63E-07,4.37E-07,9.66E-07
1.64E+11,2.31E-07,3.14E-07,9.57E-07
1.64E+11,2.05E-07,6.11E-07,6.68E-07
1.64E+11,3.34E-07,3.61E-07,1.24E-06
1.64E+11,8.27E-07,7.70E-07,4.07E-07
1.64E+11,6.46E-07,5.46E-07,6.03E-07
1.64E+11,4.96E-07,4.01E-07,3.55E-07
1.64E+11,4.26E-07,3.04E-07,3.95E-07
1.64E+11,5.39E-07,3.97E-07,1.42E-06
1.64E+11,3.47E-07,6.94E-07,7.51E-07
1.64E+11,3.67E-07,3.39E-07,1.23E-06
1.64E+11,4.83E-07,8.58E-07,1.47E-06
1.64E+11,5.70E-07,6.77E-07,1.62E-06
1.64E+11,4.32E-07,8.64E-07,1.72E-06
1.64E+11,2.16E-07,1.05E-06,1.43E-06
1.64E+11,4.30E-07,5.31E-07,7.94E-07
1.64E+11,1.99E-07,4.62E-07,1.76E-06
1.64E+11,4.74E-07,2.61E-07,1.93E-06
1.65E+11,5.33E-07,3.27E-07,2.71E-06
1.65E+11,2.25E-07,4.73E-07,2.12E-06
1.65E+11,5.32E-07,5.66E-07,3.47E-06
1.65E+11,8.52E-07,1.00E-06,4.94E-06
1.65E+11,5.43E-07,8.41E-07,4.56E-06
1.65E+11,2.61E-07,1.20E-06,4.16E-06
1.65E+11,6.95E-07,1.11E-06,2.76E-06
1.65E+11,6.47E-08,1.39E-06,4.87E-06
1.65E+11,1.33E-07,1.39E-06,5.75E-06
1.65E+11,5.31E-07,2.39E-06,6.67E-06
1.65E+11,1.02E-06,2.42E-06,6.08E-06
1.65E+11,1.04E-06,3.14E-06,7.90E-06
1.65E+11,7.30E-07,2.55E-06,8.73E-06
1.65E+11,6.86E-07,3.41E-06,8.48E-06
1.65E+11,1.09E-06,3.18E-06,8.99E-06
1.65E+11,8.47E-07,3.17E-06,1.04E-05
1.65E+11,3.20E-07,3.44E-06,8.94E-06
1.65E+11,2.99E-07,3.43E-06,1.03E-05
1.65E+11,3.50E-07,2.96E-06,1.10E-05
1.65E+11,4.23E-07,2.44E-06,9.10E-06
1.65E+11,8.41E-07,4.47E-06,1.05E-05
1.66E+11,7.47E-07,4.65E-06,1.13E-05
1.66E+11,3.43E-07,4.80E-06,1.07E-05
1.66E+11,5.43E-07,4.94E-06,1.17E-05
1.66E+11,6.33E-07,4.28E-06,1.23E-05
1.66E+11,9.43E-07,4.82E-06,1.52E-05
1.66E+11,9.46E-07,5.70E-06,1.16E-05
1.66E+11,8.06E-07,4.71E-06,1.43E-05
1.66E+11,1.48E-06,6.45E-06,1.22E-05
1.66E+11,1.15E-06,6.38E-06,1.51E-05
1.66E+11,1.80E-06,6.96E-06,1.40E-05
1.66E+11,1.21E-06,7.51E-06,1.78E-05
1.66E+11,2.33E-06,6.79E-06,1.47E-05
1.66E+11,1.20E-06,4.93E-06,1.29E-05
1.66E+11,4.74E-07,5.97E-06,1.34E-05
1.66E+11,4.81E-07,6.21E-06,1.54E-05
1.66E+11,8.47E-07,6.51E-06,1.39E-05
1.66E+11,5.39E-07,6.09E-06,1.34E-05
1.66E+11,3.12E-07,5.79E-06,1.42E-05
1.66E+11,1.28E-06,6.90E-06,1.49E-05
1.66E+11,1.12E-06,7.46E-06,1.54E-05
1.66E+11,7.83E-07,8.94E-06,1.53E-05
1.66E+11,7.37E-07,8.09E-06,1.43E-05
1.67E+11,1.69E-06,7.40E-06,1.59E-05
1.67E+11,1.31E-06,6.53E-06,1.35E-05
1.67E+11,1.53E-06,6.68E-06,1.55E-05
1.67E+11,1.63E-06,7.05E-06,1.43E-05
1.67E+11,1.51E-06,7.59E-06,1.36E-05
1.67E+11,1.42E-06,7.89E-06,1.51E-05
1.67E+11,1.17E-06,6.92E-06,1.43E-05
1.67E+11,1.03E-06,6.23E-06,1.59E-05
1.67E+11,1.71E-06,7.38E-06,1.76E-05
1.67E+11,6.75E-07,6.58E-06,1.56E-05
1.67E+11,1.42E-06,5.92E-06,1.65E-05
1.67E+11,1.21E-06,4.67E-06,1.28E-05
1.67E+11,7.12E-07,3.75E-06,1.40E-05
1.67E+11,5.67E-07,5.32E-06,1.48E-05
1.67E+11,7.30E-07,4.76E-06,1.45E-05
1.67E+11,4.58E-07,4.28E-06,1.67E-05
1.67E+11,6.49E-07,4.93E-06,1.43E-05
1.67E+11,3.83E-07,4.16E-06,1.66E-05
1.67E+11,1.34E-07,4.16E-06,1.68E-05
1.67E+11,9.80E-07,3.88E-06,1.41E-05
1.67E+11,5.56E-07,4.46E-06,1.42E-05
1.68E+11,3.69E-07,3.67E-06,1.22E-05
1.68E+11,1.76E-07,2.94E-06,1.11E-05
1.68E+11,3.14E-07,3.07E-06,1.32E-05
1.68E+11,1.23E-07,3.72E-06,1.46E-05
1.68E+11,1.29E-06,3.24E-06,1.52E-05
1.68E+11,4.53E-07,4.01E-06,1.44E-05
1.68E+11,4.50E-07,3.58E-06,1.37E-05
1.68E+11,2.17E-07,2.98E-06,1.02E-05
1.68E+11,6.41E-07,2.65E-06,1.13E-05
1.68E+11,5.05E-07,2.67E-06,9.94E-06
1.68E+11,7.33E-07,3.36E-06,1.23E-05
1.68E+11,5.91E-07,2.58E-06,9.37E-06
1.68E+11,4.51E-07,1.67E-06,1.11E-05
1.68E+11,8.08E-07,1.83E-06,1.18E-05
1.68E+11,1.06E-07,1.50E-06,1.00E-05
1.68E+11,6.83E-07,2.25E-06,1.20E-05
1.68E+11,8.64E-07,2.35E-06,9.99E-06
1.68E+11,9.25E-07,2.01E-06,1.11E-05
1.68E+11,2.26E-07,1.59E-06,8.80E-06
1.68E+11,3.50E-07,1.81E-06,8.54E-06
1.68E+11,8.90E-07,1.82E-06,1.01E-05
1.68E+11,6.04E-07,1.99E-06,8.88E-06
1.69E+11,4.64E-07,2.67E-06,8.81E-06
1.69E+11,8.19E-07,1.80E-06,7.13E-06
1.69E+11,3.20E-07,1.83E-06,8.73E-06
1.69E+11,4.92E-07,1.74E-06,7.73E-06
1.69E+11,5.22E-07,2.05E-06,8.36E-06
1.69E+11,5.16E-07,1.09E-06,8.17E-06
1.69E+11,9.75E-08,6.57E-07,7.45E-06
1.69E+11,5.01E-07,1.41E-06,7.65E-06
1.69E+11,2.42E-07,8.70E-07,5.57E-06
1.69E+11,6.18E-07,3.53E-07,3.48E-06
1.69E+11,1.21E-07,2.93E-07,4.47E-06
1.69E+11,2.01E-07,4.61E-07,3.15E-06
1.69E+11,1.07E-07,8.48E-07,3.53E-06
1.69E+11,5.17E-07,7.54E-07,4.34E-06
1.69E+11,4.04E-07,1.17E-06,3.01E-06
1.69E+11,1.60E-07,1.18E-06,3.10E-06
1.69E+11,6.94E-07,4.84E-07,2.46E-06
1.69E+11,2.48E-07,8.16E-08,2.63E-06
1.69E+11,8.19E-08,4.52E-07,2.05E-06
1.69E+11,6.71E-07,1.76E-07,7.45E-07
1.69E+11,4.34E-07,9.28E-07,1.16E-06
1.70E+11,1.86E-07,4.34E-07,1.49E-06
1.70E+11,3.47E-07,7.93E-07,1.42E-06
1.70E+11,2.24E-07,6.36E-07,1.83E-06
1.70E+11,1.07E-06,5.51E-07,1.55E-06
1.70E+11,4.61E-07,3.62E-07,8.92E-07
1.70E+11,3.63E-07,7.92E-07,9.35E-07
1.70E+11,2.87E-07,5.45E-07,8.68E-07
1.70E+11,3.10E-07,1.27E-07,1.33E-06
1.70E+11,9.05E-07,6.52E-07,8.85E-07
1.70E+11,1.42E-06,2.99E-07,1.17E-06
1.70E+11,5.04E-07,3.22E-07,5.11E-07
1.70E+11,7.23E-07,4.20E-07,9.43E-07
1.70E+11,6.27E-07,1.52E-07,5.28E-07
1.70E+11,3.32E-07,6.55E-07,7.94E-07
1.70E+11,3.02E-07,4.34E-07,7.53E-07
1.70E+11,3.45E-07,6.58E-07,7.68E-07
1.70E+11,8.35E-07,1.69E-07,7.33E-07
1.70E+11,4.00E-07,1.05E-07,1.14E-06
1.70E+11,9.76E-07,1.79E-07,7.55E-07
1.70E+11,2.33E-07,1.78E-07,1.06E-06
1.70E+11,3.33E-07,6.00E-07,5.12E-07
1.71E+11,5.19E-07,3.95E-07,4.76E-07
1.71E+11,4.38E-07,7.63E-07,6.97E-07
1.71E+11,2.33E-07,6.42E-07,2.74E-07
1.71E+11,2.05E-07,2.18E-07,5.69E-07
1.71E+11,4.31E-07,1.07E-06,4.93E-07
1.71E+11,4.32E-07,5.35E-07,1.22E-07
1.71E+11,6.47E-07,9.78E-07,6.00E-07
1.71E+11,6.26E-07,5.18E-07,6.44E-07
1.71E+11,1.53E-07,7.38E-07,2.02E-07
1.71E+11,5.73E-07,8.96E-07,6.06E-07
1.71E+11,3.24E-07,6.37E-07,6.89E-07
1.71E+11,6.38E-07,3.04E-07,1.61E-07
1.71E+11,5.05E-07,1.54E-07,6.29E-07
1.71E+11,4.85E-07,5.22E-08,7.81E-07
1.71E+11,7.30E-07,3.89E-07,5.27E-07
1.71E+11,3.06E-08,2.83E-07,9.37E-07
1.71E+11,8.30E-08,6.57E-07,3.91E-07
1.71E+11,5.21E-07,3.52E-07,8.50E-07
1.71E+11,3.03E-07,1.98E-07,2.64E-07
1.71E+11,5.70E-07,2.57E-07,2.42E-07
1.71E+11,4.06E-07,2.10E-07,4.94E-07
1.71E+11,1.63E-07,1.84E-07,7.43E-07
1.72E+11,4.72E-07,8.92E-07,8.16E-07
1.72E+11,5.18E-07,4.19E-07,5.43E-07
1.72E+11,5.90E-08,2.29E-07,4.15E-07
1.72E+11,1.63E-07,2.08E-07,1.18E-06
1.72E+11,3.66E-07,1.69E-07,7.93E-07
1.72E+11,5.17E-07,1.48E-07,9.25E-07
1.72E+11,6.68E-07,3.41E-07,3.25E-07
1.72E+11,1.90E-07,6.81E-07,1.10E-07
1.72E+11,7.27E-07,7.66E-07,2.59E-07
1.72E+11,6.42E-07,3.93E-07,1.09E-06
1.72E+11,2.12E-07,3.36E-08,7.10E-07
1.72E+11,1.09E-06,2.11E-08,5.52E-07
1.72E+11,3.68E-07,6.29E-07,1.73E-07
1.72E+11,3.37E-07,3.83E-07,1.46E-07
1.72E+11,4.30E-07,4.04E-07,2.47E-07
1.72E+11,9.64E-07,3.92E-07,2.83E-07
1.72E+11,2.37E-07,7.71E-07,1.56E-07
1.72E+11,6.71E-07,6.54E-08,2.70E-07
1.72E+11,3.38E-07,5.10E-07,5.85E-07
1.72E+11,4.26E-07,4.18E-07,7.55E-07
1.72E+11,6.53E-07,2.34E-07,4.19E-07
1.73E+11,4.95E-07,5.30E-07,1.21E-06
1.73E+11,2.41E-07,5.86E-07,1.85E-07
1.73E+11,4.51E-07,3.07E-07,3.84E-07
1.73E+11,5.07E-07,5.41E-07,5.42E-07
1.73E+11,5.20E-08,4.07E-07,4.88E-07
1.73E+11,5.01E-07,8.01E-07,4.84E-07
1.73E+11,5.15E-07,5.24E-07,5.61E-07
1.73E+11,4.75E-07,7.16E-07,2.11E-07
1.73E+11,1.95E-07,1.20E-07,6.13E-07
1.73E+11,2.85E-07,3.34E-07,3.03E-07
1.73E+11,3.50E-07,6.06E-07,2.75E-07
1.73E+11,5.03E-07,3.70E-07,5.63E-07
1.73E+11,5.20E-07,1.53E-07,9.11E-07
1.73E+11,5.56E-07,5.28E-07,8.18E-07
1.73E+11,6.09E-07,2.98E-07,4.78E-07
1.73E+11,3.78E-07,8.26E-07,7.24E-07
1.73E+11,8.08E-07,5.26E-07,5.37E-07
1.73E+11,6.39E-07,5.57E-07,6.65E-07
1.73E+11,3.27E-07,4.43E-07,5.62E-07
1.73E+11,4.83E-07,4.67E-07,1.77E-07
1.73E+11,1.35E-07,2.18E-07,2.41E-07
1.73E+11,3.87E-07,3.48E-07,1.04E-06
1.74E+11,4.42E-07,7.93E-07,3.60E-07
1.74E+11,9.20E-07,2.73E-07,6.43E-07
1.74E+11,1.49E-07,1.04E-07,4.95E-07
1.74E+11,4.43E-07,3.11E-07,6.65E-07
1.74E+11,7.42E-07,6.97E-08,7.25E-07
1.74E+11,3.71E-07,8.40E-07,9.16E-07
1.74E+11,4.90E-07,8.95E-07,8.15E-07
1.74E+11,4.37E-07,5.92E-07,6.59E-07
1.74E+11,2.39E-07,5.11E-07,4.48E-07
1.74E+11,3.08E-07,3.28E-07,4.41E-07
1.74E+11,1.18E-07,5.69E-07,7.74E-07
