1.60E+11,-6.33E-08,1.34E-07,-1.05E-07
1.60E+11,-1.98E-07,7.26E-08,-1.68E-07
1.60E+11,-8.47E-08,3.51E-08,4.34E-08
1.60E+11,2.26E-08,-7.53E-08,-1.57E-07
1.60E+11,4.66E-08,5.30E-08,-1.66E-09
1.60E+11,2.04E-08,-3.67E-08,-1.41E-07
1.60E+11,-3.55E-08,2.16E-08,-6.47E-08
1.60E+11,2.92E-07,7.72E-08,-6.77E-09
1.60E+11,2.01E-07,-6.08E-09,-1.28E-07
1.60E+11,2.05E-07,-2.76E-07,-5.56E-08
1.60E+11,-1.24E-07,8.79E-08,1.36E-07
1.61E+11,8.55E-08,-3.87E-08,2.59E-07
1.61E+11,2.35E-07,2.74E-07,5.16E-08
1.61E+11,-2.17E-07,1.40E-08,1.93E-07
1.61E+11,3.43E-08,9.74E-08,4.87E-07
1.61E+11,-8.95E-08,-1.86E-07,7.60E-08
1.61E+11,3.81E-08,-2.69E-08,-1.38E-07
1.61E+11,-3.40E-08,-8.71E-08,1.22E-07
1.61E+11,-3.19E-07,3.07E-08,3.21E-08
1.61E+11,-2.49E-07,-7.42E-08,5.44E-08
1.61E+11,1.84E-07,-9.82E-08,1.18E-07
1.61E+11,-5.87E-08,2.60E-08,1.85E-07
1.61E+11,8.78E-08,2.57E-07,-4.71E-08
1.61E+11,-1.59E-07,-1.25E-07,-5.12E-08
1.61E+11,1.22E-07,-6.63E-08,7.50E-08
1.61E+11,1.75E-07,-3.17E-08,1.58E-07
1.61E+11,1.98E-07,2.85E-07,-4.23E-09
1.61E+11,1.65E-07,-2.10E-10,3.50E-07
1.61E+11,7.30E-08,5.26E-08,1.31E-07
1.61E+11,3.11E-09,-6.94E-08,-9.97E-08
1.61E+11,-1.14E-07,-6.97E-08,1.07E-07
1.61E+11,-6.62E-08,-1.23E-07,1.74E-07
1.61E+11,1.28E-07,-1.19E-07,2.68E-08
1.62E+11,-1.20E-07,-1.55E-07,2.90E-07
1.62E+11,-1.22E-07,2.76E-08,2.55E-07
1.62E+11,4.50E-09,-6.37E-08,3.78E-07
1.62E+11,-2.78E-08,-8.75E-08,5.31E-08
1.62E+11,5.00E-09,1.38E-07,8.63E-08
1.62E+11,6.08E-08,-9.01E-08,1.45E-07
1.62E+11,-5.19E-08,-1.39E-07,1.59E-07
1.62E+11,3.10E-08,5.10E-08,1.31E-07
1.62E+11,-2.67E-07,1.70E-08,4.32E-08
1.62E+11,-5.18E-08,-4.23E-09,2.12E-08
1.62E+11,3.27E-08,1.53E-07,2.36E-07
1.62E+11,-5.01E-08,-2.03E-07,1.15E-08
1.62E+11,3.49E-07,-1.08E-07,2.07E-08
1.62E+11,-5.66E-09,2.94E-07,1.78E-07
1.62E+11,-1.05E-07,-8.42E-08,2.49E-07
1.62E+11,-1.56E-08,-2.95E-07,-1.31E-07
1.62E+11,-1.20E-07,-3.60E-08,-2.52E-07
1.62E+11,-8.26E-09,3.98E-07,2.26E-08
1.62E+11,8.41E-08,-5.25E-08,-8.10E-08
1.62E+11,-8.34E-08,1.72E-07,1.06E-08
1.62E+11,1.99E-07,7.59E-08,1.43E-08
1.63E+11,-3.33E-08,1.00E-07,9.43E-08
1.63E+11,-2.74E-08,4.94E-08,-1.75E-07
1.63E+11,2.09E-07,-7.23E-08,1.19E-07
1.63E+11,-5.06E-08,1.09E-07,1.66E-07
1.63E+11,1.24E-07,-1.27E-07,5.35E-08
1.63E+11,3.54E-07,3.34E-07,7.16E-08
1.63E+11,5.01E-09,1.44E-07,2.68E-07
1.63E+11,-8.70E-08,2.51E-07,-1.42E-07
1.63E+11,1.09E-07,4.35E-08,2.58E-07
1.63E+11,-1.19E-07,2.24E-07,2.24E-09
1.63E+11,2.05E-08,1.76E-07,1.05E-07
1.63E+11,-1.31E-07,7.28E-08,3.59E-07
1.63E+11,-1.09E-07,2.26E-07,-2.74E-07
1.63E+11,9.50E-08,1.22E-07,1.49E-07
1.63E+11,-2.74E-08,1.69E-07,2.06E-07
1.63E+11,3.87E-08,3.17E-08,3.13E-07
1.63E+11,-1.57E-07,-1.57E-07,2.47E-07
1.63E+11,8.33E-08,4.07E-07,5.91E-08
1.63E+11,-6.83E-08,7.34E-08,3.32E-07
1.63E+11,-1.49E-08,-1.86E-07,7.96E-08
1.63E+11,1.35E-07,4.70E-08,-1.43E-07
1.64E+11,2.16E-07,-3.03E-08,-7.14E-08
1.64E+11,6.44E-08,1.28E-07,6.81E-08
1.64E+11,-6.23E-08,-4.32E-07,1.62E-07
1.64E+11,-7.92E-08,7.78E-08,8.30E-08
1.64E+11,1.49E-08,-1.26E-07,-1.34E-07
1.64E+11,9.09E-08,5.88E-08,1.01E-07
1.64E+11,4.03E-08,9.83E-08,3.19E-07
1.64E+11,1.88E-07,-1.63E-08,1.42E-07
1.64E+11,1.63E-07,7.54E-08,4.21E-07
1.64E+11,2.64E-07,9.29E-08,2.04E-07
1.64E+11,-1.45E-07,-9.77E-08,2.59E-07
1.64E+11,1.93E-07,7.80E-08,1.02E-07
1.64E+11,6.83E-08,3.21E-07,1.70E-07
1.64E+11,5.86E-08,3.39E-07,3.00E-07
1.64E+11,7.36E-08,3.58E-08,1.35E-07
1.64E+11,-9.24E-08,1.66E-08,2.99E-07
1.64E+11,3.23E-07,2.30E-07,1.60E-07
1.64E+11,2.21E-07,4.86E-08,2.12E-07
1.64E+11,-1.62E-07,9.48E-08,3.01E-07
1.64E+11,-2.28E-07,3.32E-07,4.20E-07
1.64E+11,2.61E-07,2.67E-07,5.19E-07
1.64E+11,1.73E-07,1.78E-07,6.82E-07
1.65E+11,1.65E-07,3.64E-07,4.42E-07
1.65E+11,2.29E-07,3.11E-07,5.19E-07
1.65E+11,-1.55E-07,3.36E-08,4.90E-07
1.65E+11,2.04E-07,4.79E-07,5.01E-07
1.65E+11,1.97E-08,4.08E-07,6.23E-07
1.65E+11,-1.58E-07,4.20E-07,7.70E-07
1.65E+11,1.11E-07,2.44E-07,1.12E-06
1.65E+11,2.94E-08,2.07E-07,8.49E-07
1.65E+11,-2.85E-09,2.55E-07,1.08E-06
1.65E+11,9.79E-08,3.99E-07,1.10E-06
1.65E+11,4.21E-07,3.14E-07,1.34E-06
1.65E+11,2.60E-07,6.66E-07,1.60E-06
1.65E+11,7.36E-08,6.76E-07,2.13E-06
1.65E+11,-9.62E-08,7.35E-07,2.38E-06
1.65E+11,6.56E-08,5.09E-07,2.35E-06
1.65E+11,-3.13E-07,6.50E-07,2.07E-06
1.65E+11,1.45E-07,4.58E-07,2.22E-06
1.65E+11,1.68E-07,7.76E-07,3.01E-06
1.65E+11,-9.11E-08,5.81E-07,2.92E-06
1.65E+11,-7.74E-08,6.32E-07,2.47E-06
1.65E+11,2.73E-07,9.16E-07,2.86E-06
1.66E+11,7.87E-08,7.95E-07,3.45E-06
1.66E+11,-1.32E-07,6.29E-07,3.83E-06
1.66E+11,-1.29E-07,1.03E-06,3.63E-06
1.66E+11,2.47E-07,8.58E-07,3.37E-06
1.66E+11,3.31E-07,7.19E-07,3.88E-06
1.66E+11,3.24E-07,9.02E-07,4.13E-06
1.66E+11,1.19E-07,9.20E-07,4.68E-06
1.66E+11,1.63E-07,8.79E-07,5.29E-06
1.66E+11,1.48E-08,1.36E-06,5.15E-06
1.66E+11,1.47E-07,9.91E-07,5.27E-06
1.66E+11,-2.48E-07,9.48E-07,5.72E-06
1.66E+11,-1.35E-08,9.72E-07,5.41E-06
1.66E+11,-2.08E-07,6.91E-07,5.26E-06
1.66E+11,-1.22E-07,9.65E-07,5.92E-06
1.66E+11,1.58E-07,1.01E-06,6.62E-06
1.66E+11,1.21E-07,1.00E-06,5.85E-06
1.66E+11,-8.60E-08,1.26E-06,4.89E-06
1.66E+11,8.84E-08,9.10E-07,5.55E-06
1.66E+11,1.52E-07,8.35E-07,6.38E-06
1.66E+11,5.19E-08,1.61E-06,7.44E-06
1.66E+11,8.07E-08,1.32E-06,6.34E-06
1.66E+11,8.43E-08,1.33E-06,6.37E-06
1.67E+11,5.19E-08,1.33E-06,6.60E-06
1.67E+11,-9.64E-08,8.24E-07,4.59E-06
1.67E+11,2.65E-07,1.16E-06,4.72E-06
1.67E+11,6.65E-08,1.10E-06,5.01E-06
1.67E+11,-7.07E-08,1.09E-06,4.87E-06
1.67E+11,-8.39E-08,1.03E-06,5.04E-06
1.67E+11,2.31E-07,9.23E-07,5.16E-06
1.67E+11,1.51E-07,1.40E-06,5.11E-06
1.67E+11,-1.46E-07,9.91E-07,5.47E-06
1.67E+11,3.65E-08,8.80E-07,5.08E-06
1.67E+11,5.93E-08,1.23E-06,5.16E-06
1.67E+11,-5.74E-08,7.28E-07,4.75E-06
1.67E+11,-2.56E-07,8.00E-07,4.62E-06
1.67E+11,-9.97E-08,9.36E-07,4.17E-06
1.67E+11,1.38E-07,1.05E-06,3.74E-06
1.67E+11,-4.56E-08,9.86E-07,3.63E-06
1.67E+11,9.67E-08,9.23E-07,3.83E-06
1.67E+11,8.80E-08,8.99E-07,3.84E-06
1.67E+11,2.15E-07,7.84E-07,3.45E-06
1.67E+11,-4.43E-08,8.84E-07,3.09E-06
1.67E+11,3.12E-07,9.98E-07,3.20E-06
1.68E+11,1.57E-07,7.33E-07,2.36E-06
1.68E+11,-1.82E-07,5.77E-07,1.72E-06
1.68E+11,-1.38E-07,7.80E-07,2.42E-06
1.68E+11,2.13E-07,6.12E-07,2.26E-06
1.68E+11,-1.67E-08,5.54E-07,2.34E-06
1.68E+11,3.94E-09,8.58E-07,2.42E-06
1.68E+11,5.42E-08,3.73E-07,1.76E-06
1.68E+11,-1.44E-07,7.06E-07,2.15E-06
1.68E+11,1.22E-07,7.24E-07,1.81E-06
1.68E+11,9.71E-10,4.09E-07,1.83E-06
1.68E+11,2.51E-07,3.15E-07,1.55E-06
1.68E+11,-5.04E-08,6.70E-07,1.50E-06
1.68E+11,5.44E-08,3.85E-07,1.53E-06
1.68E+11,1.49E-07,5.05E-07,1.28E-06
1.68E+11,6.52E-08,5.61E-07,1.67E-06
1.68E+11,4.32E-07,7.70E-07,1.68E-06
1.68E+11,-2.64E-07,7.92E-07,1.46E-06
1.68E+11,4.25E-08,5.79E-07,1.75E-06
1.68E+11,-6.54E-08,3.65E-07,1.06E-06
1.68E+11,8.17E-08,5.06E-07,1.19E-06
1.68E+11,1.20E-07,1.01E-07,1.29E-06
1.68E+11,-3.68E-07,4.09E-07,1.34E-06
1.69E+11,-6.76E-08,4.22E-07,8.59E-07
1.69E+11,7.20E-08,4.01E-07,9.14E-07
1.69E+11,5.49E-08,3.97E-07,9.64E-07
1.69E+11,1.32E-07,3.86E-07,5.54E-07
1.69E+11,3.99E-08,4.13E-07,6.67E-07
1.69E+11,2.46E-09,3.66E-07,6.56E-07
1.69E+11,3.04E-09,2.20E-07,4.88E-07
1.69E+11,-2.93E-08,5.30E-07,5.01E-07
1.69E+11,1.14E-09,3.90E-07,4.76E-07
1.69E+11,5.20E-08,2.62E-07,5.30E-07
1.69E+11,1.38E-07,1.06E-07,4.89E-07
1.69E+11,-4.26E-08,8.49E-08,2.78E-07
1.69E+11,-9.26E-08,2.00E-07,3.96E-07
1.69E+11,-7.96E-08,1.20E-07,3.43E-07
1.69E+11,2.56E-07,-9.39E-08,1.68E-07
1.69E+11,1.30E-07,3.44E-07,2.57E-07
1.69E+11,1.27E-07,2.02E-07,2.46E-07
1.69E+11,1.23E-07,1.08E-07,3.92E-07
1.69E+11,1.95E-08,1.54E-07,1.33E-07
1.69E+11,5.56E-08,1.87E-07,1.10E-07
1.69E+11,1.40E-08,2.85E-07,3.33E-07
1.70E+11,2.06E-07,1.29E-07,3.64E-07
1.70E+11,1.12E-07,2.52E-08,7.38E-08
1.70E+11,3.28E-08,2.54E-07,1.34E-07
1.70E+11,-1.16E-07,4.84E-08,1.41E-07
1.70E+11,-1.32E-07,2.71E-07,3.85E-08
1.70E+11,1.44E-07,1.46E-07,4.03E-07
1.70E+11,-6.00E-08,1.31E-07,3.73E-07
1.70E+11,-2.03E-07,-1.44E-08,-8.42E-08
1.70E+11,-5.14E-08,-1.60E-07,-1.85E-08
1.70E+11,-6.79E-08,1.31E-07,2.83E-08
1.70E+11,2.49E-07,1.31E-07,-1.31E-07
1.70E+11,1.22E-07,-4.80E-08,-2.92E-07
1.70E+11,-1.02E-07,5.46E-08,3.43E-07
1.70E+11,-1.71E-07,2.25E-07,-3.65E-07
1.70E+11,-1.57E-07,-3.46E-08,8.92E-09
1.70E+11,2.11E-07,5.77E-08,2.10E-07
1.70E+11,-3.13E-07,2.38E-08,-3.80E-08
1.70E+11,-1.03E-07,8.91E-08,2.03E-07
1.70E+11,2.01E-07,-1.70E-08,-2.41E-07
1.70E+11,-1.19E-08,-2.29E-07,4.73E-08
1.70E+11,-6.45E-08,-8.55E-09,2.03E-07
1.71E+11,-1.62E-07,-1.26E-07,-7.09E-08
1.71E+11,2.45E-07,1.14E-07,2.42E-07
1.71E+11,1.25E-07,-6.67E-08,-1.14E-07
1.71E+11,1.07E-07,-5.34E-08,1.49E-07
1.71E+11,-1.40E-08,-1.26E-08,-1.45E-07
1.71E+11,-1.44E-07,-8.85E-08,-9.44E-09
1.71E+11,-3.99E-08,4.33E-08,-8.78E-08
1.71E+11,-2.91E-07,5.84E-08,2.59E-07
1.71E+11,-9.76E-08,1.62E-07,4.65E-07
1.71E+11,-1.09E-08,-6.95E-08,2.98E-07
1.71E+11,1.95E-07,1.02E-07,4.69E-08
1.71E+11,1.73E-07,2.76E-07,1.87E-07
1.71E+11,1.55E-07,-7.23E-08,-2.18E-08
1.71E+11,2.00E-07,-9.11E-08,-1.70E-07
1.71E+11,-1.16E-07,2.80E-09,4.11E-08
1.71E+11,1.17E-07,1.51E-07,-3.56E-07
1.71E+11,1.34E-07,-4.09E-07,2.45E-07
1.71E+11,-1.81E-08,-1.15E-07,5.11E-08
1.71E+11,1.09E-07,1.84E-07,6.64E-08
1.71E+11,2.66E-08,-1.86E-07,-1.01E-07
1.71E+11,-1.71E-07,-6.15E-08,6.16E-08
1.71E+11,-1.78E-07,1.01E-07,2.80E-07
1.72E+11,1.14E-07,4.84E-08,-5.19E-08
1.72E+11,3.89E-08,1.81E-07,5.20E-08
1.72E+11,-3.26E-08,1.10E-07,-5.22E-08
1.72E+11,2.01E-07,-2.95E-08,-8.12E-08
1.72E+11,2.08E-07,1.16E-07,2.46E-07
1.72E+11,-1.83E-07,3.60E-07,1.29E-07
1.72E+11,1.62E-07,-5.74E-08,2.02E-07
1.72E+11,6.90E-08,-8.03E-08,3.18E-08
1.72E+11,7.61E-09,1.46E-07,1.70E-07
1.72E+11,-9.28E-08,-3.40E-08,1.53E-07
1.72E+11,-6.89E-08,-9.09E-08,1.46E-07
1.72E+11,6.81E-08,-2.21E-07,3.85E-07
1.72E+11,8.47E-10,-3.07E-08,-8.54E-08
1.72E+11,6.78E-08,1.21E-07,2.01E-09
1.72E+11,1.33E-08,3.59E-07,2.43E-07
1.72E+11,3.11E-07,2.18E-07,5.50E-08
1.72E+11,-7.71E-08,-2.06E-08,1.53E-07
1.72E+11,-2.62E-08,-9.19E-09,1.40E-07
1.72E+11,-2.89E-08,6.87E-08,-2.22E-07
1.72E+11,1.82E-08,3.21E-09,-3.13E-07
1.72E+11,-1.54E-08,-3.85E-07,9.09E-08
1.73E+11,3.20E-07,-2.55E-07,-4.87E-08
1.73E+11,1.18E-07,-5.73E-08,1.55E-08
1.73E+11,1.21E-07,1.45E-07,2.67E-07
1.73E+11,3.21E-08,1.25E-07,-1.41E-07
1.73E+11,1.45E-07,1.43E-07,1.82E-07
1.73E+11,5.00E-08,-2.20E-07,-1.94E-07
1.73E+11,-7.96E-08,2.83E-08,9.92E-08
1.73E+11,8.92E-08,1.67E-07,-4.05E-08
1.73E+11,1.54E-07,1.79E-07,-1.77E-07
1.73E+11,-7.93E-08,7.34E-08,-9.26E-08
1.73E+11,1.55E-07,2.11E-07,2.85E-09
1.73E+11,4.78E-08,-8.48E-10,2.87E-07
1.73E+11,1.66E-07,3.18E-07,1.20E-07
1.73E+11,-1.34E-07,-2.89E-07,1.52E-07
1.73E+11,-9.34E-08,-2.51E-07,-2.16E-08
1.73E+11,-6.41E-08,2.08E-07,-3.48E-08
1.73E+11,1.24E-07,2.71E-07,-2.08E-08
1.73E+11,4.56E-09,1.62E-07,-2.28E-07
1.73E+11,-8.87E-08,-5.44E-08,6.11E-08
1.73E+11,-5.55E-08,8.16E-08,-5.81E-08
1.73E+11,-1.15E-07,-2.92E-08,2.13E-07
1.73E+11,-4.68E-08,5.65E-08,2.16E-07
1.74E+11,-2.86E-08,-1.20E-07,-2.49E-07
1.74E+11,3.23E-08,-9.55E-08,3.32E-08
1.74E+11,2.87E-08,1.01E-08,-4.26E-07
1.74E+11,1.40E-07,2.30E-07,5.44E-08
1.74E+11,3.85E-09,1.74E-07,-2.54E-08
1.74E+11,1.14E-07,-5.20E-08,2.33E-07
1.74E+11,-7.60E-08,3.04E-08,-5.12E-08
1.74E+11,3.81E-08,9.42E-08,3.17E-07
1.74E+11,-4.67E-08,-1.17E-07,9.70E-08
1.74E+11,6.69E-08,-8.64E-08,2.24E-07
1.74E+11,6.91E-08,-1.28E-07,1.08E-07
